,Symbols
0,A
1,AA
2,AAN
3,AAP
4,AAT
5,AB
6,ABB
7,ABBV
8,ABC
9,ABEV
10,ABG
11,ABM
12,ABR
13,ABT
14,AC
15,ACA
16,ACB
17,ACC
18,ACCO
19,ACEL
20,ACH
21,ACI
22,ACIC
23,ACM
24,ACN
25,ACND
26,ACP
27,ACRE
28,ACV
29,ADC
30,ADCT
31,ADM
32,ADNT
33,ADS
34,ADT
35,ADX
36,AEE
37,AEG
38,AEL
39,AEM
40,AENZ
41,AEO
42,AER
43,AES
44,AEVA
45,AFB
46,AFG
47,AFL
48,AFT
49,AG
50,AGAC
51,AGCB
52,AGCO
53,AGI
54,AGM
55,AGO
56,AGR
57,AGRO
58,AGS
59,AGX
60,AHH
61,AHT
62,AI
63,AIF
64,AIG
65,AIN
66,AIO
67,AIR
68,AIRC
69,AIT
70,AIV
71,AIZ
72,AJAX
73,AJG
74,AJRD
75,AJX
76,AKR
77,AL
78,ALB
79,ALC
80,ALE
81,ALEX
82,ALG
83,ALK
84,ALL
85,ALLE
86,ALLY
87,ALSN
88,ALTG
89,ALUS
90,ALV
91,ALX
92,AM
93,AMBC
94,AMC
95,AMCR
96,AME
97,AMG
98,AMH
99,AMK
100,AMN
101,AMOV
102,AMP
103,AMR
104,AMRC
105,AMRX
106,AMT
107,AMWL
108,AMX
109,AN
110,ANET
111,ANF
112,ANTM
113,AOD
114,AON
115,AONE
116,AOS
117,APAM
118,APD
119,APG
120,APH
121,APLE
122,APO
123,APSG
124,APTS
125,APTV
126,AQN
127,AQUA
128,AR
129,ARCH
130,ARCO
131,ARD
132,ARDC
133,ARE
134,ARES
135,ARGO
136,ARI
137,ARLO
138,ARMK
139,ARNC
140,AROC
141,ARR
142,ARW
143,ASA
144,ASAN
145,ASAQ
146,ASB
147,ASG
148,ASGN
149,ASH
150,ASIX
151,ASPL
152,ASPN
153,ASR
154,ASX
155,AT
156,ATAC
157,ATC
158,ATCO
159,ATEN
160,ATGE
161,ATH
162,ATHM
163,ATI
164,ATKR
165,ATO
166,ATR
167,ATUS
168,AU
169,AUY
170,AVA
171,AVAL
172,AVAN
173,AVB
174,AVD
175,AVK
176,AVLR
177,AVNS
178,AVNT
179,AVTR
180,AVY
181,AVYA
182,AWF
183,AWI
184,AWK
185,AWP
186,AWR
187,AX
188,AXL
189,AXP
190,AXS
191,AXTA
192,AYI
193,AYX
194,AZEK
195,AZO
196,AZRE
197,AZUL
198,AZZ
199,B
200,BA
201,BABA
202,BAC
203,BAH
204,BAK
205,BALY
206,BAM
207,BANC
208,BAP
209,BAX
210,BB
211,BBAR
212,BBD
213,BBDC
214,BBDO
215,BBL
216,BBN
217,BBU
218,BBVA
219,BBY
220,BC
221,BCAT
222,BCC
223,BCE
224,BCEI
225,BCH
226,BCO
227,BCS
228,BCSF
229,BCX
230,BDC
231,BDJ
232,BDN
233,BDX
234,BE
235,BEDU
236,BEKE
237,BEN
238,BEP
239,BEPC
240,BERY
241,BEST
242,BFAM
243,BFK
244,BFLY
245,BFS
246,BFT
247,BFZ
248,BG
249,BGB
250,BGH
251,BGIO
252,BGR
253,BGS
254,BGT
255,BGY
256,BH
257,BHC
258,BHE
259,BHK
260,BHLB
261,BHP
262,BHR
263,BHVN
264,BIF
265,BIG
266,BILL
267,BIO
268,BIP
269,BIPC
270,BIT
271,BJ
272,BK
273,BKD
274,BKE
275,BKH
276,BKI
277,BKN
278,BKR
279,BKT
280,BKU
281,BLD
282,BLE
283,BLK
284,BLL
285,BLUA
286,BLW
287,BLX
288,BMA
289,BME
290,BMEZ
291,BMI
292,BMO
293,BMY
294,BNED
295,BNL
296,BNS
297,BOAC
298,BOE
299,BOH
300,BOOT
301,BORR
302,BOX
303,BP
304,BPMP
305,BQ
306,BR
307,BRBR
308,BRC
309,BRFS
310,BRMK
311,BRO
312,BRT
313,BRX
314,BSAC
315,BSBR
316,BSIG
317,BSL
318,BSM
319,BSMX
320,BST
321,BSTZ
322,BSX
323,BTI
324,BTO
325,BTT
326,BTU
327,BTZ
328,BUD
329,BUI
330,BUR
331,BURL
332,BV
333,BVH
334,BVN
335,BW
336,BWA
337,BWG
338,BWXT
339,BX
340,BXC
341,BXG
342,BXMT
343,BXMX
344,BXP
345,BXS
346,BY
347,BYD
348,BYM
349,BZH
350,C
351,CAAP
352,CABO
353,CACI
354,CADE
355,CAE
356,CAF
357,CAG
358,CAH
359,CAI
360,CAJ
361,CAL
362,CALX
363,CANG
364,CAP
365,CAPL
366,CARR
367,CARS
368,CAS
369,CAT
370,CATO
371,CB
372,CBAH
373,CBB
374,CBD
375,CBRE
376,CBT
377,CBU
378,CBZ
379,CC
380,CCAC
381,CCEP
382,CCI
383,CCIV
384,CCJ
385,CCK
386,CCL
387,CCO
388,CCS
389,CCU
390,CCV
391,CCX
392,CDAY
393,CDE
394,CE
395,CEA
396,CEIX
397,CEM
398,CEPU
399,CEQP
400,CF
401,CFG
402,CFR
403,CFX
404,CHCT
405,CHD
406,CHE
407,CHGG
408,CHH
409,CHN
410,CHPT
411,CHS
412,CHT
413,CHWY
414,CI
415,CIA
416,CIB
417,CIEN
418,CIG
419,CII
420,CIM
421,CINR
422,CIO
423,CIR
424,CIT
425,CIXX
426,CKH
427,CL
428,CLB
429,CLDR
430,CLDT
431,CLF
432,CLGX
433,CLH
434,CLI
435,CLII
436,CLNC
437,CLNY
438,CLR
439,CLS
440,CLVT
441,CLW
442,CLX
443,CM
444,CMA
445,CMC
446,CMCM
447,CMD
448,CMG
449,CMI
450,CMO
451,CMP
452,CMRE
453,CMS
454,CNA
455,CNC
456,CNF
457,CNHI
458,CNI
459,CNK
460,CNMD
461,CNNE
462,CNO
463,CNP
464,CNQ
465,CNR
466,CNS
467,CNX
468,CO
469,CODI
470,COE
471,COF
472,COG
473,COLD
474,COO
475,COP
476,COR
477,COTY
478,CP
479,CPA
480,CPAC
481,CPB
482,CPE
483,CPF
484,CPG
485,CPK
486,CPLG
487,CPNG
488,CPRI
489,CPS
490,CPSR
491,CPT
492,CR
493,CRC
494,CRH
495,CRHC
496,CRI
497,CRK
498,CRL
499,CRM
500,CRS
501,CRU
502,CRY
503,CS
504,CSAN
505,CSL
506,CSLT
507,CSPR
508,CSR
509,CSTA
510,CSTM
511,CSV
512,CTAC
513,CTB
514,CTLT
515,CTO
516,CTS
517,CTT
518,CTVA
519,CUB
520,CUBE
521,CUBI
522,CUK
523,CURO
524,CUZ
525,CVA
526,CVE
527,CVEO
528,CVI
529,CVNA
530,CVS
531,CVX
532,CW
533,CWEN
534,CWH
535,CWK
536,CWT
537,CX
538,CXP
539,CXW
540,CYD
541,CYH
542,D
543,DAC
544,DAL
545,DAN
546,DAO
547,DAR
548,DASH
549,DAVA
550,DB
551,DBD
552,DBI
553,DBL
554,DCI
555,DCO
556,DCP
557,DD
558,DDD
559,DDS
560,DE
561,DEA
562,DECK
563,DEH
564,DEI
565,DELL
566,DEN
567,DEO
568,DESP
569,DFIN
570,DFNS
571,DFP
572,DFS
573,DG
574,DGNR
575,DGX
576,DHF
577,DHI
578,DHR
579,DHT
580,DIAX
581,DIN
582,DIS
583,DK
584,DKL
585,DKS
586,DLB
587,DLR
588,DLX
589,DM
590,DMB
591,DMS
592,DMYD
593,DMYI
594,DNB
595,DNMR
596,DNOW
597,DNP
598,DNZ
599,DOC
600,DOCN
601,DOOR
602,DOV
603,DOW
604,DPG
605,DPZ
606,DQ
607,DRD
608,DRE
609,DRH
610,DRI
611,DRQ
612,DS
613,DSL
614,DSM
615,DSSI
616,DSU
617,DSX
618,DT
619,DTE
620,DUK
621,DVA
622,DVN
623,DWIN
624,DX
625,DXC
626,DY
627,E
628,EAF
629,EAT
630,EB
631,EBF
632,EBR
633,EBS
634,EC
635,ECC           
636,ECL
637,ECOM          
638,ED
639,EDD
640,EDU
641,EEX
642,EFC
643,EFL
644,EFR
645,EFT
646,EFX
647,EGHT
648,EGO
649,EGP
650,EHC
651,EHI
652,EHT
653,EIG
654,EIX
655,EL
656,ELAN
657,ELF
658,ELP
659,ELS
660,ELY
661,EMD
662,EME
663,EMF
664,EMN
665,EMO
666,EMPW
667,EMR
668,ENB
669,ENBL
670,ENIA
671,ENIC
672,ENLC
673,ENPC
674,ENR
675,ENS
676,ENV
677,ENVA
678,EOD
679,EOG
680,EOI
681,EOS
682,EOT
683,EPAC
684,EPAM
685,EPC
686,EPD
687,EPR
688,EPRT
689,EPWR
690,EQC
691,EQD
692,EQH
693,EQHA
694,EQNR
695,EQR
696,EQT
697,ERF
698,ERJ
699,ES
700,ESE
701,ESGC
702,ESI
703,ESNT
704,ESRT
705,ESS
706,ESTC
707,ESTE
708,ET
709,ETB
710,ETG
711,ETH
712,ETJ
713,ETM
714,ETN
715,ETO
716,ETR
717,ETRN
718,ETV
719,ETW
720,ETWO
721,ETX           
722,ETY
723,EURN
724,EVA
725,EVC
726,EVF
727,EVG
728,EVH
729,EVN
730,EVR
731,EVRG
732,EVRI
733,EVT
734,EVTC
735,EW
736,EXG
737,EXK
738,EXP
739,EXPR
740,EXR
741,F
742,FAF
743,FAII
744,FBC
745,FBHS
746,FBK
747,FBP
748,FC
749,FCF
750,FCN
751,FCPT
752,FCT
753,FCX
754,FDEU
755,FDP
756,FDX
757,FE
758,FEI           
759,FERG
760,FF
761,FFA
762,FFC
763,FFG
764,FGNA
765,FHI
766,FHN
767,FI
768,FICO
769,FIF
770,FINS
771,FINV
772,FIS
773,FIV
774,FIX
775,FL
776,FLC
777,FLNG
778,FLO
779,FLOW
780,FLR
781,FLS
782,FLT
783,FLY
784,FMAC
785,FMC
786,FMS
787,FMX
788,FN
789,FNB
790,FND
791,FNF
792,FNV
793,FOE
794,FOF
795,FOR
796,FOUR
797,FPAC
798,FPF
799,FPH
800,FPI
801,FR
802,FRA
803,FRC
804,FRO
805,FRT
806,FRX
807,FSD
808,FSK
809,FSKR
810,FSLY
811,FSM
812,FSR
813,FSS
814,FST
815,FTAI
816,FTCH
817,FTI
818,FTS
819,FTV
820,FUBO
821,FUL
822,FUN
823,FUSE
824,FVRR
825,FVT
826,G
827,GAB
828,GAM
829,GATO
830,GATX
831,GB
832,GBAB
833,GBL
834,GBX
835,GCI
836,GCO
837,GCP
838,GD
839,GDDY
840,GDO
841,GDOT
842,GDV
843,GE
844,GEF
845,GEL
846,GEO
847,GES
848,GF
849,GFF
850,GFI
851,GFL
852,GGB
853,GGG
854,GGM
855,GGT
856,GHC
857,GHG
858,GHL
859,GHLD
860,GHY
861,GIB
862,GIK
863,GIL
864,GIM
865,GIS
866,GIX
867,GKOS
868,GL
869,GLOB
870,GLOG
871,GLP
872,GLT
873,GLW
874,GM
875,GME
876,GMED
877,GMRE
878,GMS
879,GNK
880,GNL
881,GNRC
882,GNW
883,GOAC
884,GOF
885,GOL
886,GOLD
887,GOLF
888,GOOS
889,GPC
890,GPI
891,GPK
892,GPM
893,GPMT
894,GPN
895,GPRK
896,GPS
897,GPX
898,GRA
899,GRC
900,GRUB
901,GRX
902,GS
903,GSAH
904,GSBD
905,GSK
906,GSL
907,GSX
908,GTES
909,GTLS
910,GTN
911,GTS
912,GTY
913,GUT
914,GVA
915,GWB
916,GWRE
917,GWW
918,H
919,HAE
920,HAL
921,HASI
922,HAYW
923,HBB
924,HBI
925,HBM
926,HCA
927,HCC
928,HCHC
929,HCI
930,HD
931,HDB
932,HE
933,HEI
934,HEP
935,HES
936,HESM
937,HEXO
938,HFC
939,HFRO
940,HGV
941,HHC
942,HI
943,HIG
944,HII
945,HIMS
946,HIO
947,HIW
948,HIX
949,HKIB
950,HL
951,HLF
952,HLI
953,HLT
954,HLX
955,HMC
956,HMLP
957,HMN
958,HMY
959,HNGR
960,HNI
961,HNP
962,HOG
963,HOME
964,HON
965,HOV
966,HP
967,HPE
968,HPF
969,HPI
970,HPP
971,HPQ
972,HPS
973,HPX
974,HQH
975,HQL
976,HR
977,HRB
978,HRC
979,HRI
980,HRL
981,HRTG
982,HSBC
983,HSC
984,HSY
985,HT
986,HTA
987,HTD
988,HTGC
989,HTH
990,HTPA
991,HUBB
992,HUBS
993,HUM
994,HUN
995,HUYA
996,HVT
997,HWM
998,HXL
999,HY
1000,HYB
1001,HYI
1002,HYLN
1003,HYT
1004,HZAC
1005,HZN
1006,HZO
1007,HZON
1008,IAA
1009,IACA
1010,IAG
1011,IBA
1012,IBM
1013,IBN
1014,IBP
1015,ICE
1016,ICL
1017,IDA
1018,IDE
1019,IDT
1020,IEX
1021,IFF
1022,IFN
1023,IFS
1024,IGD
1025,IGI
1026,IGR
1027,IGT
1028,IH
1029,IHC
1030,IHG
1031,IHIT
1032,IIAC
1033,IIF
1034,IIIN
1035,IIM
1036,IIPR
1037,IMAX
1038,IMPX
1039,INFO
1040,INFY
1041,ING
1042,INGR
1043,INN
1044,INSI
1045,INSP
1046,INSW
1047,INT
1048,INVH
1049,IP
1050,IPG
1051,IPI
1052,IPOD
1053,IPOE
1054,IPOF
1055,IQI
1056,IQV
1057,IR
1058,IRM
1059,IRS
1060,IRT
1061,ISD
1062,IT
1063,ITCB
1064,ITGR
1065,ITT
1066,ITUB
1067,ITW
1068,IVAN
1069,IVC
1070,IVH
1071,IVR
1072,IVZ
1073,IX
1074,J
1075,JBGS
1076,JBL
1077,JBT
1078,JCE
1079,JCI
1080,JCO
1081,JEF
1082,JELD
1083,JFR
1084,JGH
1085,JHB
1086,JHG
1087,JHX
1088,JIH
1089,JKS
1090,JLL
1091,JMIA
1092,JNJ
1093,JNPR
1094,JOE
1095,JOF
1096,JPC
1097,JPI
1098,JPM
1099,JPS
1100,JQC
1101,JRI
1102,JRO
1103,JRS
1104,JTD
1105,JWN
1106,JWS
1107,K
1108,KAI
1109,KAMN
1110,KAR
1111,KB
1112,KBH
1113,KBR
1114,KEN
1115,KEP
1116,KEX
1117,KEY
1118,KEYS
1119,KF
1120,KFY
1121,KGC
1122,KIM
1123,KIO
1124,KKR
1125,KL
1126,KMB
1127,KMF
1128,KMI
1129,KMPR
1130,KMT
1131,KMX
1132,KN
1133,KNL
1134,KNOP
1135,KNX
1136,KO
1137,KODK
1138,KOF
1139,KOP
1140,KOS
1141,KR
1142,KRA
1143,KRC
1144,KREF
1145,KRG
1146,KRO
1147,KRP
1148,KSS
1149,KSU
1150,KT
1151,KTB
1152,KTF
1153,KW
1154,KWR
1155,KYN
1156,L
1157,LAC
1158,LAD
1159,LADR
1160,LAZ
1161,LB
1162,LBRT
1163,LC
1164,LCI
1165,LCII
1166,LDI
1167,LDL
1168,LDOS
1169,LDP
1170,LEA
1171,LEAF
1172,LEAP
1173,LEG
1174,LEJU
1175,LEN
1176,LEO
1177,LEVI
1178,LFC
1179,LGI
1180,LH
1181,LHC
1182,LHX
1183,LII
1184,LIN
1185,LINX
1186,LITB
1187,LL
1188,LLY
1189,LMND
1190,LMT
1191,LNC
1192,LND
1193,LNN
1194,LOKB
1195,LOMA
1196,LOW
1197,LPG
1198,LPI
1199,LPL
1200,LPX
1201,LRN
1202,LSI
1203,LSPD
1204,LTC
1205,LTHM
1206,LU
1207,LUMN
1208,LUV
1209,LVS
1210,LW
1211,LXP
1212,LYB
1213,LYG
1214,LYV
1215,LZB
1216,M
1217,MA
1218,MAA
1219,MAC
1220,MAIN
1221,MAN
1222,MANU
1223,MAS
1224,MATX
1225,MAV
1226,MAX
1227,MAXR
1228,MBI
1229,MBT
1230,MC
1231,MCA
1232,MCB
1233,MCD
1234,MCI
1235,MCK
1236,MCO
1237,MCR
1238,MCS
1239,MCY
1240,MD
1241,MDC
1242,MDH
1243,MDLA
1244,MDP
1245,MDT
1246,MDU
1247,MEC
1248,MED
1249,MEG
1250,MEI
1251,MEN
1252,MET
1253,MFA
1254,MFC
1255,MFG
1256,MFGP
1257,MFL
1258,MFM
1259,MG
1260,MGA
1261,MGM
1262,MGP
1263,MGU
1264,MGY
1265,MHD
1266,MHI
1267,MHK
1268,MHN
1269,MHO
1270,MIC
1271,MIN
1272,MIT
1273,MIXT
1274,MIY
1275,MKC
1276,MKL
1277,MLI
1278,MLM
1279,MLP
1280,MLR
1281,MMC
1282,MMD
1283,MMI
1284,MMM
1285,MMP
1286,MMS
1287,MMT
1288,MMU
1289,MNR
1290,MNRL
1291,MNSO
1292,MO
1293,MOD
1294,MODN
1295,MOH
1296,MOS
1297,MOTV
1298,MOV
1299,MP
1300,MPC
1301,MPLN
1302,MPLX
1303,MPW
1304,MPX
1305,MQT
1306,MQY
1307,MRC
1308,MRK
1309,MRO
1310,MS
1311,MSA
1312,MSB
1313,MSC
1314,MSCI
1315,MSGE
1316,MSGN
1317,MSGS
1318,MSI
1319,MSM
1320,MSP
1321,MT
1322,MTB
1323,MTD
1324,MTDR
1325,MTG
1326,MTH
1327,MTL
1328,MTN
1329,MTOR
1330,MTRN
1331,MTT
1332,MTW
1333,MTX
1334,MTZ
1335,MUA
1336,MUC
1337,MUE
1338,MUFG
1339,MUI
1340,MUJ
1341,MUR
1342,MUSA
1343,MUX
1344,MVF
1345,MVT
1346,MWA
1347,MX
1348,MXF
1349,MXL
1350,MYC
1351,MYD
1352,MYE
1353,MYI
1354,MYJ
1355,MYN
1356,MYOV
1357,MYTE
1358,NAC
1359,NAD
1360,NAN
1361,NAPA
1362,NAT
1363,NAV
1364,NBB
1365,NBHC
1366,NBR
1367,NCA
1368,NCLH
1369,NCR
1370,NCV
1371,NCZ
1372,NEA
1373,NEE
1374,NEM
1375,NEP
1376,NET
1377,NETI
1378,NEU
1379,NEV
1380,NEW
1381,NEWR
1382,NEX
1383,NEXA
1384,NFG
1385,NFH
1386,NFJ
1387,NGA
1388,NGG
1389,NGL
1390,NGVC
1391,NGVT
1392,NHF
1393,NHI
1394,NI
1395,NID
1396,NIE
1397,NIO
1398,NJR
1399,NKE
1400,NKX
1401,NL
1402,NLS
1403,NLSN
1404,NLY
1405,NMCO
1406,NMM
1407,NMR
1408,NMY
1409,NMZ
1410,NNI
1411,NNN
1412,NOA
1413,NOAH
1414,NOC
1415,NOK
1416,NOMD
1417,NOV
1418,NOVA
1419,NOW
1420,NP
1421,NPK
1422,NPO
1423,NPTN
1424,NPV
1425,NQP
1426,NR
1427,NRG
1428,NRGX
1429,NRK
1430,NRP
1431,NRZ
1432,NS
1433,NSA
1434,NSC
1435,NSCO
1436,NSH
1437,NSL
1438,NSP
1439,NSTB
1440,NTB
1441,NTCO
1442,NTP
1443,NTR
1444,NTST
1445,NUE
1446,NUO
1447,NUS
1448,NUV
1449,NUVB
1450,NUW
1451,NVG
1452,NVGS
1453,NVO
1454,NVR
1455,NVRO
1456,NVS
1457,NVST
1458,NVT
1459,NVTA
1460,NWG
1461,NWN
1462,NX
1463,NXJ
1464,NXP
1465,NXQ
1466,NXR
1467,NXRT
1468,NYCB
1469,NYT
1470,NZF
1471,O
1472,OACB
1473,OC
1474,OCA
1475,OCFT
1476,OCN
1477,ODC
1478,OEC
1479,OFC
1480,OFG
1481,OGE
1482,OGS
1483,OHI
1484,OI
1485,OIA
1486,OII
1487,OIS
1488,OKE
1489,OLN
1490,OLO
1491,OLP
1492,OMC
1493,OMF
1494,OMI
1495,ONE
1496,ONTF
1497,ONTO
1498,OOMA
1499,OPP
1500,OPY
1501,OR
1502,ORA
1503,ORAN
1504,ORC
1505,ORCC
1506,ORCL
1507,ORI
1508,OSCR
1509,OSH
1510,OSK
1511,OTIS
1512,OUST
1513,OUT
1514,OVV
1515,OXM
1516,OXY
1517,PAC
1518,PACE
1519,PACK
1520,PAG
1521,PAGS
1522,PAM
1523,PANW
1524,PAR
1525,PARR
1526,PAYC
1527,PB
1528,PBA
1529,PBF
1530,PBFX
1531,PBH
1532,PBI
1533,PBR
1534,PBY
1535,PCG
1536,PCI
1537,PCK
1538,PCN
1539,PCQ
1540,PD
1541,PDAC
1542,PDI
1543,PDM
1544,PDO
1545,PDS
1546,PDT
1547,PEAK
1548,PEB
1549,PEG
1550,PEN
1551,PEO
1552,PFE
1553,PFGC
1554,PFL
1555,PFN
1556,PFS
1557,PFSI
1558,PG
1559,PGR
1560,PGRE
1561,PGTI
1562,PH
1563,PHD
1564,PHG
1565,PHI
1566,PHK
1567,PHM
1568,PHR
1569,PHT
1570,PIAI
1571,PII
1572,PIM
1573,PING
1574,PINS
1575,PIPR
1576,PJT
1577,PK
1578,PKE
1579,PKG
1580,PKI
1581,PKO
1582,PKX
1583,PLAN
1584,PLD
1585,PLNT
1586,PLOW
1587,PLT
1588,PLTR
1589,PLYM
1590,PM
1591,PMF
1592,PML
1593,PMM
1594,PMO
1595,PMT
1596,PMVC
1597,PMX
1598,PNC
1599,PNM
1600,PNR
1601,PNTM
1602,PNW
1603,POR
1604,POST
1605,PPG
1606,PPL
1607,PPR
1608,PPT
1609,PQG
1610,PRA
1611,PRG
1612,PRGO
1613,PRI
1614,PRLB
1615,PRMW
1616,PRO
1617,PROS
1618,PRPB
1619,PRS
1620,PRSP
1621,PRTY
1622,PRU
1623,PSA
1624,PSB
1625,PSF
1626,PSN
1627,PSO
1628,PSTG
1629,PSTH
1630,PSTL
1631,PSX
1632,PSXP
1633,PTA
1634,PTR
1635,PTY
1636,PUK
1637,PUMP
1638,PV
1639,PVG
1640,PVH
1641,PWR
1642,PXD
1643,PZC
1644,PZN
1645,QD
1646,QGEN
1647,QS
1648,QSR
1649,QTS
1650,QTWO
1651,QUOT
1652,R
1653,RA
1654,RAAS
1655,RACE
1656,RAD
1657,RAMP
1658,RBA
1659,RBAC
1660,RBC
1661,RBLX
1662,RC
1663,RCI
1664,RCL
1665,RCS
1666,RCUS
1667,RDN
1668,RDY
1669,RE
1670,RELX
1671,RENN
1672,RES
1673,REV
1674,REVG
1675,REX
1676,REXR
1677,REZI
1678,RF
1679,RFI
1680,RFL
1681,RFP
1682,RGA
1683,RGR
1684,RGS
1685,RH
1686,RHI
1687,RHP
1688,RICE
1689,RIG
1690,RIO
1691,RJF
1692,RKT
1693,RL
1694,RLGY
1695,RLI
1696,RLJ
1697,RLX
1698,RM
1699,RMAX
1700,RMD
1701,RMM
1702,RMO
1703,RMT
1704,RNG
1705,RNP
1706,RNR
1707,ROG
1708,ROK
1709,ROL
1710,ROP
1711,RPAI
1712,RPLA
1713,RPM
1714,RPT
1715,RQI
1716,RRC
1717,RRD
1718,RS
1719,RSG
1720,RSI
1721,RTP
1722,RTPZ
1723,RTX
1724,RVI
1725,RVLV
1726,RVT
1727,RWT
1728,RXN
1729,RY
1730,RYAM
1731,RYI
1732,RYN
1733,SA
1734,SAFE
1735,SAH
1736,SAIC
1737,SAIL
1738,SAM
1739,SAN
1740,SAND          
1741,SAP
1742,SAR
1743,SAVE
1744,SB
1745,SBG
1746,SBH
1747,SBR
1748,SBS
1749,SBSW
1750,SC
1751,SCCO
1752,SCD
1753,SCHW
1754,SCI
1755,SCL
1756,SCM
1757,SCPE
1758,SCS
1759,SCU
1760,SCVX
1761,SE
1762,SEAH
1763,SEAS
1764,SEE
1765,SEM
1766,SEMR
1767,SF
1768,SFL
1769,SFTW
1770,SGFY
1771,SGU
1772,SHAK
1773,SHG
1774,SHI
1775,SHLX
1776,SHO
1777,SHOP
1778,SHW
1779,SI
1780,SID
1781,SIG
1782,SII
1783,SITC
1784,SITE
1785,SIX
1786,SJI
1787,SJM
1788,SJR
1789,SJW
1790,SKLZ
1791,SKM
1792,SKT
1793,SKX
1794,SKY
1795,SLB
1796,SLCA
1797,SLF
1798,SLG
1799,SLQT
1800,SM
1801,SMAR
1802,SMFG
1803,SMG
1804,SMP
1805,SNA
1806,SNAP
1807,SNDR
1808,SNE
1809,SNN
1810,SNOW
1811,SNP
1812,SNPR
1813,SNR
1814,SNV
1815,SNX
1816,SO
1817,SOAC
1818,SOGO
1819,SOI
1820,SOL
1821,SON
1822,SOR
1823,SOS
1824,SPB
1825,SPCE
1826,SPFR
1827,SPG
1828,SPGI
1829,SPH
1830,SPLP
1831,SPNT
1832,SPNV
1833,SPOT
1834,SPR
1835,SPRQ
1836,SPXC
1837,SPXX
1838,SQ
1839,SQM
1840,SQZ
1841,SR
1842,SRC
1843,SRE
1844,SRG
1845,SRI
1846,SRLP
1847,SRT
1848,SSD
1849,SSL
1850,SSTK
1851,ST
1852,STAG
1853,STAR          
1854,STC
1855,STE
1856,STIC
1857,STK
1858,STL
1859,STLA
1860,STM
1861,STN
1862,STNG
1863,STON
1864,STOR
1865,STPC
1866,STPK
1867,STT
1868,STWD
1869,STZ
1870,SU
1871,SUI
1872,SUM
1873,SUN
1874,SUZ
1875,SWBK
1876,SWCH
1877,SWI
1878,SWK
1879,SWM
1880,SWN
1881,SWX
1882,SXC
1883,SXI
1884,SXT
1885,SYF
1886,SYK
1887,SYX
1888,SYY
1889,T
1890,TAC
1891,TAK
1892,TAL
1893,TALO
1894,TAP
1895,TARO
1896,TBA
1897,TBI
1898,TCS
1899,TD
1900,TDC
1901,TDF
1902,TDG
1903,TDOC
1904,TDS
1905,TDW
1906,TDY
1907,TECK
1908,TEF
1909,TEI
1910,TEL
1911,TEN
1912,TEO
1913,TEVA
1914,TEX
1915,TFC
1916,TFII
1917,TFX
1918,TG
1919,TGH
1920,TGI
1921,TGNA
1922,TGP
1923,TGS
1924,TGT
1925,THC
1926,THG
1927,THO
1928,THQ
1929,THR
1930,THS
1931,THW
1932,TIMB
1933,TINV
1934,TISI
1935,TIXT
1936,TJX
1937,TK
1938,TKC
1939,TKR
1940,TLGA
1941,TLK
1942,TLYS
1943,TM
1944,TME
1945,TMHC
1946,TMO
1947,TMST
1948,TMX
1949,TNC
1950,TNET
1951,TNK
1952,TNL
1953,TOL
1954,TOT
1955,TPB
1956,TPC
1957,TPGY
1958,TPH
1959,TPL
1960,TPR
1961,TPVG
1962,TPX
1963,TR
1964,TRC
1965,TREB
1966,TREX
1967,TRGP
1968,TRI
1969,TRN
1970,TRNO
1971,TROX
1972,TRP
1973,TRQ
1974,TRTN
1975,TRTX
1976,TRU
1977,TRV
1978,TS
1979,TSE
1980,TSI
1981,TSLX
1982,TSM
1983,TSN
1984,TT
1985,TTC
1986,TTI
1987,TTM
1988,TU
1989,TUFN
1990,TUP
1991,TUYA
1992,TV
1993,TWI
1994,TWLO
1995,TWN
1996,TWND
1997,TWO
1998,TWTR
1999,TX
2000,TXT
2001,TY
2002,TYG
2003,TYL
2004,U
2005,UA
2006,UAA
2007,UAN
2008,UBA
2009,UBER
2010,UBP
2011,UBS
2012,UDR
2013,UE
2014,UFI
2015,UFS
2016,UGI
2017,UGP
2018,UHS
2019,UHT
2020,UI
2021,UIS
2022,UL
2023,UMC
2024,UMH
2025,UNF
2026,UNFI
2027,UNH
2028,UNM
2029,UNP
2030,UNVR
2031,UPS
2032,URI
2033,USA
2034,USAC
2035,USB
2036,USFD
2037,USM
2038,USNA
2039,USPH
2040,USX
2041,UTF
2042,UTL
2043,UTZ
2044,UVE
2045,UVV
2046,UWMC
2047,V
2048,VAC
2049,VALE
2050,VAPO
2051,VAR
2052,VBF
2053,VCRA
2054,VCV
2055,VEC
2056,VEDL
2057,VEEV
2058,VEI
2059,VER
2060,VET
2061,VFC
2062,VGAC
2063,VGM
2064,VGR
2065,VHC
2066,VHI
2067,VIAO
2068,VICI
2069,VIPS
2070,VIST
2071,VIV
2072,VKQ
2073,VLO
2074,VLRS
2075,VMC
2076,VMI
2077,VMO
2078,VMW
2079,VNE
2080,VNO
2081,VNT
2082,VNTR
2083,VOYA
2084,VPG
2085,VPV
2086,VRS
2087,VRT
2088,VRTV
2089,VSH
2090,VST
2091,VSTO
2092,VTA
2093,VTN
2094,VTOL
2095,VTR
2096,VVI
2097,VVNT
2098,VVR
2099,VVV
2100,VYGG
2101,VZIO
2102,W
2103,WAB
2104,WAL
2105,WAT
2106,WBAI
2107,WBK
2108,WBS
2109,WBT
2110,WCC
2111,WCN
2112,WD
2113,WDR
2114,WEC
2115,WELL
2116,WES
2117,WEX
2118,WF
2119,WFC
2120,WFG
2121,WGO
2122,WH
2123,WHD
2124,WHR
2125,WIA
2126,WIT
2127,WIW
2128,WK
2129,WLK
2130,WLKP
2131,WLL
2132,WM
2133,WMB
2134,WMK
2135,WMS
2136,WMT
2137,WNC
2138,WNS
2139,WOR
2140,WORK
2141,WOW
2142,WPC
2143,WPF
2144,WPM
2145,WPP
2146,WRB
2147,WRE
2148,WRI
2149,WRK
2150,WSM
2151,WSO
2152,WSR
2153,WST
2154,WTI
2155,WTM
2156,WTRG
2157,WTS
2158,WTTR
2159,WU
2160,WWE
2161,WWW
2162,WY
2163,X
2164,XEC
2165,XHR
2166,XL
2167,XOM
2168,XPEV
2169,XPO
2170,XPOA
2171,XRX
2172,XYL
2173,Y
2174,YAC
2175,YALA
2176,YELP
2177,YETI
2178,YEXT
2179,YPF
2180,YRD
2181,YSG
2182,YUM
2183,YUMC
2184,ZBH
2185,ZEN
2186,ZEPP
2187,ZH
2188,ZIM
2189,ZNH
2190,ZTO
2191,ZTR
2192,ZTS
2193,ZUO
2194,ZYME
